date,total_events,new_repos,python_repos
2019-01-01,94232,32973,0
2019-01-02,169715,57271,0
2019-01-03,185115,60415,0
2019-01-04,180260,58723,0
2019-01-05,125077,44548,0
2019-01-06,125699,44970,0
2019-01-07,194842,65408,0
2019-01-08,203973,66036,0
2019-01-09,198830,62487,0
2019-01-10,198644,62244,0
2019-01-11,185327,60041,0
2019-01-12,118388,41520,0
2019-01-13,121101,42152,0
2019-01-14,192340,63050,0
2019-01-15,192102,60850,0
2019-01-16,199751,62107,0
2019-01-17,200670,64228,0
2019-01-18,187688,62380,0
2019-01-19,120497,41802,0
2019-01-20,115236,40949,0
2019-01-21,173480,56926,0
2019-01-22,196794,62396,0
2019-01-23,212740,62561,0
2019-01-24,208408,61957,0
2019-01-25,192700,58264,0
2019-01-26,135410,41551,0
2019-01-27,144808,42254,0
2019-01-28,201982,61137,0
2019-01-29,207334,62966,0
2019-01-30,209854,62498,0
2019-01-31,204983,61887,0
2019-02-01,190714,54017,0
2019-02-02,166600,41103,0
2019-02-03,125560,40037,0
2019-02-04,189614,55534,0
2019-02-05,204805,56262,0
2019-02-06,219694,62574,0
2019-02-07,224521,65554,0
2019-02-08,220538,62274,0
2019-02-09,154773,49150,0
2019-02-10,156031,50324,0
2019-02-11,238913,72235,0
2019-02-12,257731,74373,0
2019-02-13,255761,74799,0
2019-02-14,244093,69363,0
2019-02-15,238040,66789,0
2019-02-16,163629,51852,0
2019-02-17,165841,52000,0
2019-02-18,255560,73968,0
2019-02-19,258280,76548,0
2019-02-20,259852,78024,0
2019-02-21,259262,77369,0
2019-02-22,242491,71874,0
2019-02-23,169443,54543,0
2019-02-24,167547,55336,0
2019-02-25,266980,79982,0
2019-02-26,277126,83107,0
2019-02-27,264133,79494,0
2019-02-28,263474,77771,0
2019-03-01,243800,70274,0
2019-03-02,183984,55773,0
2019-03-03,175384,58153,0
2019-03-04,258179,76968,0
2019-03-05,265624,75814,0
2019-03-06,260110,77760,0
2019-03-07,260798,77125,0
2019-03-08,239919,71494,0
2019-03-09,170238,56155,0
2019-03-10,173841,58815,0
2019-03-11,262010,81585,0
2019-03-12,268467,81961,0
2019-03-13,250454,73943,0
2019-03-14,256742,78649,0
2019-03-15,235700,73430,0
2019-03-16,165285,54306,0
2019-03-17,163809,57103,0
2019-03-18,255514,80584,0
2019-03-19,256943,82186,0
2019-03-20,266088,82003,0
2019-03-21,249907,79955,0
2019-03-22,232172,73151,0
2019-03-23,156900,55726,0
2019-03-24,160290,57169,0
2019-03-25,248012,79669,0
2019-03-26,260223,81746,0
2019-03-27,259325,82062,0
2019-03-28,251520,79193,0
2019-03-29,243577,74729,0
2019-03-30,190916,57174,0
2019-03-31,161304,56532,0
2019-04-01,258400,81418,0
2019-04-02,266411,82974,0
2019-04-03,258165,82050,0
2019-04-04,253954,80714,0
2019-04-05,221366,68018,0
2019-04-06,153557,53606,0
2019-04-07,168766,58188,0
2019-04-08,262850,81501,0
2019-04-09,231272,74479,0
2019-04-10,259819,82626,0
2019-04-11,246109,79919,0
2019-04-12,237861,74355,0
2019-04-13,161357,55360,0
2019-04-14,158403,55822,0
2019-04-15,241675,75532,0
2019-04-16,254753,79122,0
2019-04-17,242092,76264,0
2019-04-18,232220,72354,0
2019-04-19,197678,63636,0
2019-04-20,147531,50958,0
2019-04-21,149276,55762,0
2019-04-22,224269,73910,0
2019-04-23,253894,77654,0
2019-04-24,257113,75944,0
2019-04-25,245351,74921,0
2019-04-26,228563,67752,0
2019-04-27,159966,52835,0
2019-04-28,168469,55801,0
2019-04-29,240098,73506,0
2019-04-30,236066,72349,0
2019-05-01,200444,59940,0
2019-05-02,232127,67896,0
2019-05-03,217657,62662,0
2019-05-04,161338,51690,0
2019-05-05,170361,56237,0
2019-05-06,239466,74322,0
2019-05-07,247302,79073,0
2019-05-08,211757,65022,0
2019-05-09,238415,73617,0
2019-05-10,226141,71147,0
2019-05-11,153904,53575,0
2019-05-12,153307,53200,0
2019-05-13,244420,76260,0
2019-05-14,254410,79000,0
2019-05-15,252080,76669,0
2019-05-16,243871,76823,0
2019-05-17,219280,68459,0
2019-05-18,145145,51598,0
2019-05-19,158284,53709,0
2019-05-20,234896,74516,0
2019-05-21,258720,78052,0
2019-05-22,249978,78458,0
2019-05-23,254987,75821,0
2019-05-24,244358,70501,0
2019-05-25,173053,52762,0
2019-05-26,152771,51551,0
2019-05-27,226268,72700,0
2019-05-28,247043,76513,0
2019-05-29,234818,73774,0
2019-05-30,241348,73025,0
2019-05-31,235654,68924,0
2019-06-01,148701,49661,0
2019-06-02,149536,50720,0
2019-06-03,240273,75054,0
2019-06-04,250460,77058,0
2019-06-05,257096,72865,0
2019-06-06,252505,70297,0
2019-06-07,215374,61399,0
2019-06-08,138036,47218,0
2019-06-09,142835,49593,0
2019-06-10,241523,75369,0
2019-06-11,252480,76988,0
2019-06-12,245993,74361,0
2019-06-13,246418,73059,0
2019-06-14,221747,67122,0
2019-06-15,142996,49953,0
2019-06-16,152222,49295,0
2019-06-17,235056,74190,0
2019-06-18,241016,76387,0
2019-06-19,239848,76070,0
2019-06-20,237283,72482,0
2019-06-21,225757,67099,0
2019-06-22,152014,49700,0
2019-06-23,150348,51357,0
2019-06-24,261860,79040,0
2019-06-25,267708,81995,0
2019-06-26,258075,78621,0
2019-06-27,251815,72644,0
2019-06-28,218201,67067,0
2019-06-29,142290,48459,0
2019-06-30,141243,49516,0
2019-07-01,247859,74417,0
2019-07-02,250130,76870,0
2019-07-03,264502,77662,0
2019-07-04,241093,69904,0
2019-07-05,215737,66127,0
2019-07-06,146197,49394,0
2019-07-07,144315,49967,0
2019-07-08,253122,77340,0
2019-07-09,262505,78172,0
2019-07-10,259392,76515,0
2019-07-11,284068,76235,0
2019-07-12,252831,71610,0
2019-07-13,167517,50464,0
2019-07-14,157794,50754,0
2019-07-15,262163,77653,0
2019-07-16,260096,77204,0
2019-07-17,272960,76858,0
2019-07-18,258191,74417,0
2019-07-19,237358,68485,0
2019-07-20,152624,50335,0
2019-07-21,156398,50582,0
2019-07-22,256868,78949,0
2019-07-23,273086,81870,0
2019-07-24,263211,78272,0
2019-07-25,254034,76408,0
2019-07-26,237744,70494,0
2019-07-27,163357,53090,0
2019-07-28,168907,54470,0
2019-07-29,257818,77626,0
2019-07-30,258313,79648,0
2019-07-31,249515,77030,0
2019-08-01,251686,75743,0
2019-08-02,231708,71434,0
2019-08-03,150483,52500,0
2019-08-04,154679,53978,0
2019-08-05,252625,77226,0
2019-08-06,256363,78095,0
2019-08-07,272953,88158,0
2019-08-08,283396,93415,0
2019-08-09,274244,90172,0
2019-08-10,186632,70062,0
2019-08-11,171924,63678,0
2019-08-12,260835,85703,0
2019-08-13,284630,91411,0
2019-08-14,264682,82861,0
2019-08-15,244020,76455,0
2019-08-16,241317,77900,0
2019-08-17,162121,56635,0
2019-08-18,176255,59096,0
2019-08-19,269446,83193,0
2019-08-20,280799,86056,0
2019-08-21,284987,88627,0
2019-08-22,278915,86706,0
2019-08-23,256565,82335,0
2019-08-24,182770,64054,0
2019-08-25,178540,63941,0
2019-08-26,273894,68447,0
2019-08-27,288290,62007,0
2019-08-28,289959,71075,0
2019-08-29,304646,98786,0
2019-08-30,268456,86650,0
2019-08-31,177305,64943,0
2019-09-01,184031,65001,0
2019-09-02,268278,90309,0
2019-09-03,306302,103819,0
2019-09-04,311805,105780,0
2019-09-05,306299,103216,0
2019-09-06,280858,92840,0
2019-09-07,194335,71364,0
2019-09-08,193689,71575,0
2019-09-09,314256,105009,0
2019-09-10,324862,111972,0
2019-09-11,307249,104240,0
2019-09-12,87745,30509,0
2019-09-13,202070,64665,0
2019-09-14,195991,69761,0
2019-09-15,195707,72311,0
2019-09-16,321224,105765,0
2019-09-17,327807,108658,0
2019-09-18,326870,106904,0
2019-09-19,315519,103087,0
2019-09-20,275744,85534,0
2019-09-21,193753,67415,0
2019-09-22,200817,68184,0
2019-09-23,302776,93801,0
2019-09-24,296349,89911,0
2019-09-25,306600,96014,0
2019-09-26,302524,95178,0
2019-09-27,276249,85273,0
2019-09-28,200605,67888,0
2019-09-29,211781,69290,0
2019-09-30,302491,91088,0
2019-10-01,309138,87990,0
2019-10-02,303742,88660,0
2019-10-03,294277,86850,0
2019-10-04,306192,80106,0
2019-10-05,193779,62041,0
2019-10-06,193364,63474,0
2019-10-07,292995,87946,0
2019-10-08,307307,92057,0
2019-10-09,307550,92665,0
2019-10-10,308885,87960,0
2019-10-11,283798,86519,0
2019-10-12,205936,69655,0
2019-10-13,198997,68551,0
2019-10-14,311072,94163,0
2019-10-15,321345,98404,0
2019-10-16,297649,92976,0
2019-10-17,303689,90928,0
2019-10-18,303908,85251,0
2019-10-19,205673,69328,0
2019-10-20,206694,69730,0
2019-10-21,404501,94940,0
2019-10-22,366997,96770,0
2019-10-23,332821,94342,0
2019-10-24,286347,87940,0
2019-10-25,273279,82648,0
2019-10-26,191634,65456,0
2019-10-27,191887,65339,0
2019-10-28,309976,91427,0
2019-10-29,363441,90285,0
2019-10-30,392450,84292,0
2019-10-31,429663,84916,0
2019-11-01,322735,81332,0
2019-11-02,405435,65795,0
2019-11-03,205609,68279,0
2019-11-04,318704,96684,0
2019-11-05,361877,96802,0
2019-11-06,357416,98305,0
2019-11-07,321307,96328,0
2019-11-08,300230,87370,0
2019-11-09,288962,66941,0
2019-11-10,196657,65742,0
2019-11-11,313139,92442,0
2019-11-12,326305,99771,0
2019-11-13,356326,97335,0
2019-11-14,311395,95502,0
2019-11-15,305211,88091,0
2019-11-16,197785,67124,0
2019-11-17,204269,70035,0
2019-11-18,333399,97196,0
2019-11-19,333918,98958,0
2019-11-20,329464,98384,0
2019-11-21,320076,97032,0
2019-11-22,301255,88205,0
2019-11-23,201964,67259,0
2019-11-24,201486,67875,0
2019-11-25,329353,94639,0
2019-11-26,315613,95766,0
2019-11-27,301893,91668,0
2019-11-28,280281,86711,0
2019-11-29,244822,78181,0
2019-11-30,197724,63722,0
2019-12-01,216967,71821,0
2019-12-02,348311,98610,0
2019-12-03,388670,99298,0
2019-12-04,349708,95897,0
2019-12-05,332891,93460,0
2019-12-06,381173,85252,0
2019-12-07,201330,67704,0
2019-12-08,202404,67663,0
2019-12-09,323598,91523,0
2019-12-10,313031,91796,0
2019-12-11,305750,91397,0
2019-12-12,297686,88965,0
2019-12-13,284005,82597,0
2019-12-14,189150,62451,0
2019-12-15,192129,64964,0
2019-12-16,323010,87956,0
2019-12-17,305483,89287,0
2019-12-18,301566,86512,0
2019-12-19,337632,84069,0
2019-12-20,342028,75074,0
2019-12-21,172882,57636,0
2019-12-22,171688,57088,0
2019-12-23,246153,73046,0
2019-12-24,203631,67085,0
2019-12-25,175482,59238,0
2019-12-26,218374,68134,0
2019-12-27,241507,66962,0
2019-12-28,312375,54795,0
2019-12-29,390284,54383,0
2019-12-30,301481,68972,0
2019-12-31,178266,56650,0
2020-01-01,145556,46210,0
2020-01-02,228649,73477,0
2020-01-03,242818,76930,0
2020-01-04,184163,62289,0
2020-01-05,183161,61407,0
2020-01-06,274634,82841,0
2020-01-07,300122,89723,0
2020-01-08,308709,93134,0
2020-01-09,321421,93692,0
2020-01-10,296610,84531,0
2020-01-11,190540,64141,0
2020-01-12,198601,65641,0
2020-01-13,311937,91156,0
2020-01-14,318776,94185,0
2020-01-15,317318,93520,0
2020-01-16,305872,92671,0
2020-01-17,282501,86315,0
2020-01-18,205101,66830,0
2020-01-19,209825,69616,0
2020-01-20,291042,89374,0
2020-01-21,328548,91323,0
2020-01-22,311075,89427,0
2020-01-23,295229,87485,0
2020-01-24,262615,76363,0
2020-01-25,185347,60018,0
2020-01-26,197152,63656,0
2020-01-27,313044,89001,0
2020-01-28,333672,93228,0
2020-01-29,321838,95737,0
2020-01-30,313614,88188,0
2020-01-31,298117,83334,0
2020-02-01,219366,66874,0
2020-02-02,213930,67618,0
2020-02-03,313741,91732,0
2020-02-04,332003,94673,0
2020-02-05,325802,95801,0
2020-02-06,308642,92881,0
2020-02-07,294181,88426,0
2020-02-08,213477,69594,0
2020-02-09,224098,71527,0
2020-02-10,324458,98701,0
2020-02-11,339372,96678,0
2020-02-12,380586,98410,0
2020-02-13,320670,96751,0
2020-02-14,296462,88315,0
2020-02-15,218108,72362,0
2020-02-16,230839,77206,0
2020-02-17,319473,98166,0
2020-02-18,341522,104364,0
2020-02-19,354412,103089,0
2020-02-20,317088,96682,0
2020-02-21,302672,91906,0
2020-02-22,224895,74882,0
2020-02-23,226334,75828,0
2020-02-24,361803,100477,0
2020-02-25,352302,96839,0
2020-02-26,445666,108499,0
2020-02-27,336326,98844,0
2020-02-28,341302,93811,0
2020-02-29,403752,78357,0
2020-03-01,229220,74652,0
2020-03-02,346890,102785,0
2020-03-03,367349,107074,0
2020-03-04,453237,99779,0
2020-03-05,350789,99522,0
2020-03-06,328029,96404,0
2020-03-07,236076,77559,0
2020-03-08,226641,76990,0
2020-03-09,349990,104625,0
2020-03-10,345097,104395,0
2020-03-11,343488,102881,0
2020-03-12,338579,99156,0
2020-03-13,314578,87167,0
2020-03-14,506031,76730,0
2020-03-15,494680,82993,0
2020-03-16,445951,113562,0
2020-03-17,366324,100127,0
2020-03-18,359193,100994,0
2020-03-19,336409,101849,0
2020-03-20,326060,96342,0
2020-03-21,255780,85946,0
2020-03-22,273715,91087,0
2020-03-23,368703,109607,0
2020-03-24,388980,111102,0
2020-03-25,364703,112843,0
2020-03-26,370518,113124,0
2020-03-27,357637,107941,0
2020-03-28,280133,97280,0
2020-03-29,295594,100252,0
2020-03-30,421828,120548,0
2020-03-31,612648,246577,0
2020-04-01,383921,114168,0
2020-04-02,358179,110658,0
2020-04-03,347748,103136,0
2020-04-04,478133,95363,0
2020-04-05,607258,98859,0
2020-04-06,431121,111757,0
2020-04-07,378078,115523,0
2020-04-08,377908,115782,0
2020-04-09,382820,111136,0
2020-04-10,344128,102942,0
2020-04-11,277178,91424,0
2020-04-12,277818,92738,0
2020-04-13,367975,108957,0
2020-04-14,373284,109573,0
2020-04-15,369627,109720,0
2020-04-16,562552,107342,0
2020-04-17,357832,105901,0
2020-04-18,283848,93476,0
2020-04-19,291382,95019,0
2020-04-20,391402,110340,0
2020-04-21,383008,109991,0
2020-04-22,383177,110113,0
2020-04-23,401101,104993,0
2020-04-24,350588,102814,0
2020-04-25,278278,91500,0
2020-04-26,307290,97028,0
2020-04-27,384610,109914,0
2020-04-28,372038,109262,0
2020-04-29,386824,109020,0
2020-04-30,609012,104839,0
2020-05-01,356401,99047,0
2020-05-02,282039,91684,0
2020-05-03,289539,93347,0
2020-05-04,383148,107499,0
2020-05-05,382880,109992,0
2020-05-06,393683,113528,0
2020-05-07,373418,108600,0
2020-05-08,365948,108256,0
2020-05-09,291637,93488,0
2020-05-10,280570,91960,0
2020-05-11,405669,116188,0
2020-05-12,404367,119901,0
2020-05-13,414439,119956,0
2020-05-14,393098,114833,0
2020-05-15,396609,111390,0
2020-05-16,291229,96586,0
2020-05-17,294938,101896,0
2020-05-18,456491,143826,0
2020-05-19,424220,131576,0
2020-05-20,452535,144703,0
2020-05-21,365407,105208,0
2020-05-22,353149,99857,0
2020-05-23,278873,86459,0
2020-05-24,265850,86894,0
2020-05-25,346492,102102,0
2020-05-26,377907,107748,0
2020-05-27,379517,107215,0
2020-05-28,382999,108853,0
2020-05-29,336040,99264,0
2020-05-30,261746,86133,0
2020-05-31,264091,89621,0
2020-06-01,382820,113526,0
2020-06-02,369449,109442,0
2020-06-03,358986,105759,0
2020-06-04,352815,104310,0
2020-06-05,503493,158314,0
2020-06-06,836580,199721,0
2020-06-07,1133094,201017,0
2020-06-08,801343,212233,0
2020-06-09,375123,109000,0
2020-06-10,183901,53908,0
2020-06-11,367661,103419,0
2020-06-12,374491,96667,0
2020-06-13,328503,83442,0
2020-06-14,319938,86663,0
2020-06-15,455450,106310,0
2020-06-16,368989,106715,0
2020-06-17,358888,103946,0
2020-06-18,398366,102601,0
2020-06-19,330255,96694,0
2020-06-20,243525,82171,0
2020-06-21,250645,84063,0
2020-06-22,365392,104746,0
2020-06-23,376400,105364,0
2020-06-24,445278,102649,0
2020-06-25,378957,87465,0
2020-06-26,333730,92834,0
2020-06-27,265473,82876,0
2020-06-28,277207,86819,0
2020-06-29,334148,100068,0
2020-06-30,387770,108792,0
2020-07-01,419984,101386,0
2020-07-02,456166,100845,0
2020-07-03,300782,93270,0
2020-07-04,230490,79417,0
2020-07-05,249101,83581,0
2020-07-06,379829,104427,0
2020-07-07,475086,106414,0
2020-07-08,514723,104867,0
2020-07-09,390809,113594,0
2020-07-10,371560,105601,0
2020-07-11,272398,85430,0
2020-07-12,270808,86894,0
2020-07-13,368097,103497,0
2020-07-14,370378,110160,0
2020-07-15,378509,109114,0
2020-07-16,527859,108482,0
2020-07-17,740013,104626,0
2020-07-18,750433,89776,0
2020-07-19,740890,89860,0
2020-07-20,778697,105379,0
2020-07-21,589004,110952,0
2020-07-22,377453,111324,0
2020-07-23,359997,107636,0
2020-07-24,339736,100615,0
2020-07-25,248728,86369,0
2020-07-26,259591,88834,0
2020-07-27,384780,107788,0
2020-07-28,386326,111354,0
2020-07-29,386837,109588,0
2020-07-30,588011,103144,0
2020-07-31,721819,97829,0
2020-08-01,983860,86643,0
2020-08-02,451652,85379,0
2020-08-03,369685,106059,0
2020-08-04,371316,109153,0
2020-08-05,366104,105029,0
2020-08-06,349627,103866,0
2020-08-07,342074,95079,0
2020-08-08,272343,79870,0
2020-08-09,239286,80941,0
2020-08-10,361708,103435,0
2020-08-11,356945,104612,0
2020-08-12,359886,103000,0
2020-08-13,344507,100761,0
2020-08-14,318629,93640,0
2020-08-15,240151,80194,0
2020-08-16,249407,82474,0
2020-08-17,366515,103166,0
2020-08-18,388061,110431,0
2020-08-19,348623,102947,0
2020-08-20,424791,103242,0
2020-08-21,119693,33353,0
2020-08-23,73291,24253,0
2020-08-24,360368,106278,0
2020-08-25,370910,107926,0
2020-08-26,363483,106903,0
2020-08-27,368289,107055,0
2020-08-28,346209,99643,0
2020-08-29,255068,81161,0
2020-08-30,251662,82841,0
2020-08-31,375100,104990,0
2020-09-01,396819,106836,0
2020-09-02,442980,106512,0
2020-09-03,535103,100110,0
2020-09-04,696006,87101,0
2020-09-05,420299,83384,0
2020-09-06,448164,87210,0
2020-09-07,615980,107164,0
2020-09-08,442067,113873,0
2020-09-09,548937,114164,0
2020-09-10,855955,104855,0
2020-09-11,900496,113712,0
2020-09-12,578386,83124,0
2020-09-13,316344,86917,0
2020-09-14,415415,117020,0
2020-09-15,416810,119182,0
2020-09-16,396967,112600,0
2020-09-17,389763,112387,0
2020-09-18,351679,105701,0
2020-09-19,261324,92783,0
2020-09-20,258611,87374,0
2020-09-21,393675,114955,0
2020-09-22,385752,121496,0
2020-09-23,407528,129911,0
2020-09-24,372725,113407,0
2020-09-25,353650,101740,0
2020-09-26,263993,85758,0
2020-09-27,256331,87273,0
2020-09-28,383967,114723,0
2020-09-29,384214,113412,0
2020-09-30,376233,113978,0
2020-10-01,396011,111542,0
2020-10-02,360079,107753,0
2020-10-03,287674,91367,0
2020-10-04,279526,93145,0
2020-10-05,398966,118243,0
2020-10-06,416457,119126,0
2020-10-07,387762,114129,0
2020-10-08,388199,113366,0
2020-10-09,355009,104343,0
2020-10-10,280718,90013,0
2020-10-11,278967,89253,0
2020-10-12,430340,114129,0
2020-10-13,729151,109167,0
2020-10-14,417292,113500,0
2020-10-15,386379,112004,0
2020-10-16,366049,105029,0
2020-10-17,277997,89186,0
2020-10-18,282161,90711,0
2020-10-19,426911,118625,0
2020-10-20,474188,118598,0
2020-10-21,402485,116832,0
2020-10-22,393838,116399,0
2020-10-23,357998,106965,0
2020-10-24,263103,85222,0
2020-10-25,263059,87544,0
2020-10-26,403026,115560,0
2020-10-27,449527,115680,0
2020-10-28,390122,113584,0
2020-10-29,394424,115886,0
2020-10-30,360330,109148,0
2020-10-31,264376,89143,0
2020-11-01,271408,87258,0
2020-11-02,385539,112550,0
2020-11-03,389667,116173,0
2020-11-04,361081,109367,0
2020-11-05,368899,111965,0
2020-11-06,351471,104740,0
2020-11-07,252718,88297,0
2020-11-08,255855,89254,0
2020-11-09,418122,118856,0
2020-11-10,409846,121485,0
2020-11-11,380360,115213,0
2020-11-12,376547,113844,0
2020-11-13,345363,101353,0
2020-11-14,242813,83315,0
2020-11-15,259022,88817,0
2020-11-16,410805,115235,0
2020-11-17,402369,116849,0
2020-11-18,564508,117356,0
2020-11-19,396097,118980,0
2020-11-20,384566,111692,0
2020-11-21,270033,92084,0
2020-11-22,276333,93257,0
2020-11-23,422854,118126,0
2020-11-24,383931,114368,0
2020-11-25,593696,113341,0
2020-11-26,355662,108137,0
2020-11-27,326278,101804,0
2020-11-28,250240,88234,0
2020-11-29,260980,91994,0
2020-11-30,378344,112821,0
2020-12-01,416407,126685,0
2020-12-02,398313,120808,0
2020-12-03,399042,120245,0
2020-12-04,375539,109040,0
2020-12-05,293871,93368,0
2020-12-06,270616,94901,0
2020-12-07,403385,116973,0
2020-12-08,396028,116580,0
2020-12-09,398436,118685,0
2020-12-10,428686,115033,0
2020-12-11,775176,103580,0
2020-12-12,982974,86308,0
2020-12-13,506139,91643,0
2020-12-14,392525,108863,0
2020-12-15,381128,115223,0
2020-12-16,376286,112419,0
2020-12-17,376205,112341,0
2020-12-18,343141,106571,0
2020-12-19,249948,88056,0
2020-12-20,248727,88832,0
2020-12-21,377752,104854,0
2020-12-22,386701,104813,0
2020-12-23,308473,97551,0
2020-12-24,260463,85490,0
2020-12-25,201620,70931,0
2020-12-26,209263,76725,0
2020-12-27,231147,84221,0
2020-12-28,316219,102788,0
2020-12-29,303194,99197,0
2020-12-30,300440,96128,0
2020-12-31,305449,78004,0
2021-01-01,214067,67237,0
2021-01-02,234226,83385,0
2021-01-03,258569,92840,0
2021-01-04,382057,117567,0
2021-01-05,792269,109306,0
2021-01-06,686906,113879,0
2021-01-07,356440,106358,0
2021-01-08,342188,105916,0
2021-01-09,258781,90594,0
2021-01-10,265800,93456,0
2021-01-11,396921,117866,0
2021-01-12,394351,120321,0
2021-01-13,390712,118524,0
2021-01-14,404041,115892,0
2021-01-15,356123,108274,0
2021-01-16,284199,96049,0
2021-01-17,273017,95844,0
2021-01-18,401215,118123,0
2021-01-19,424478,126936,0
2021-01-20,436654,123413,0
2021-01-21,524633,121476,0
2021-01-22,371260,118461,0
2021-01-23,286482,98709,0
2021-01-24,285090,98114,0
2021-01-25,417217,125401,0
2021-01-26,396243,127816,0
2021-01-27,409558,137866,0
2021-01-28,463095,156054,0
2021-01-29,381691,114521,0
2021-01-30,285081,100762,0
2021-01-31,292713,99371,0
2021-02-01,429739,121697,0
2021-02-02,501510,128050,0
2021-02-03,412392,121001,0
2021-02-04,416819,122795,0
2021-02-05,375262,112486,0
2021-02-06,277487,97024,0
2021-02-07,285612,100294,0
2021-02-08,410885,116377,0
2021-02-09,403487,121410,0
2021-02-10,410859,119586,0
2021-02-11,378708,112073,0
2021-02-12,352411,104306,0
2021-02-13,271881,96226,0
2021-02-14,265938,93835,0
2021-02-15,407951,119947,0
2021-02-16,414012,123989,0
2021-02-17,390529,124467,0
2021-02-18,410852,119361,0
2021-02-19,387068,114818,0
2021-02-20,288182,101905,0
2021-02-21,283860,100303,0
2021-02-22,447861,128098,0
2021-02-23,456695,133009,0
2021-02-24,430950,129809,0
2021-02-25,412095,127925,0
2021-02-26,389051,116894,0
2021-02-27,288882,101632,0
2021-02-28,289822,103270,0
2021-03-01,446084,120122,0
2021-03-02,417546,126162,0
2021-03-03,530586,131257,0
2021-03-04,419269,128269,0
2021-03-05,389215,118841,0
2021-03-06,289261,101670,0
2021-03-07,299779,103422,0
2021-03-08,470561,122060,0
2021-03-09,166511,26835,0
2021-03-10,181481,18503,0
2021-03-11,644877,136083,0
2021-03-12,481105,148303,0
2021-03-13,317629,115283,0
2021-03-14,307654,116918,0
2021-03-15,463993,144113,0
2021-03-16,446164,144988,0
2021-03-17,435894,141026,0
2021-03-18,482202,137143,0
2021-03-19,577711,124329,0
2021-03-20,462990,111865,0
2021-03-21,322081,114576,0
2021-03-22,465051,143588,0
2021-03-23,451644,143962,0
2021-03-24,460996,142331,0
2021-03-25,465961,136983,0
2021-03-26,420752,131013,0
2021-03-27,296372,109133,0
2021-03-28,298288,109976,0
2021-03-29,533822,134730,0
2021-03-30,674007,107068,0
2021-03-31,1071266,100145,0
2021-04-01,771580,127503,0
2021-04-02,362193,116837,0
2021-04-03,288356,105641,0
2021-04-04,289044,102495,0
2021-04-05,416385,129940,0
2021-04-06,446459,140469,0
2021-04-07,467394,139519,0
2021-04-08,414947,125400,0
2021-04-09,407415,128813,0
2021-04-10,308029,111620,0
2021-04-11,313538,113571,0
2021-04-12,462114,139218,0
2021-04-13,434977,135726,0
2021-04-14,421276,134065,0
2021-04-15,431325,134444,0
2021-04-16,406976,124173,0
2021-04-17,302999,106831,0
2021-04-18,309960,110127,0
2021-04-19,580882,120319,0
2021-04-20,549062,133221,0
2021-04-21,449239,136624,0
2021-04-22,449236,123134,0
2021-04-23,389140,126494,0
2021-04-24,313083,110636,0
2021-04-25,319006,116287,0
2021-04-26,569737,138738,0
2021-04-27,459784,139515,0
2021-04-28,453143,135918,0
2021-04-29,462057,125068,0
2021-04-30,587506,76601,0
2021-05-01,298584,102274,0
2021-05-02,288568,102660,0
2021-05-03,415842,130086,0
2021-05-04,430388,133355,0
2021-05-05,437874,131412,0
2021-05-06,570695,128824,0
2021-05-07,340707,54596,0
2021-05-09,602004,49446,0
2021-05-12,526773,128956,0
2021-05-13,429884,126992,0
2021-05-14,379121,120855,0
2021-05-15,296183,106296,0
2021-05-16,313740,116213,0
2021-05-17,477004,140558,0
2021-05-18,485253,141488,0
2021-05-19,576008,133350,0
2021-05-20,537682,98982,0
2021-05-21,432076,128190,0
2021-05-22,299858,109728,0
2021-05-23,321182,112008,0
2021-05-24,483552,138872,0
2021-05-25,743904,130709,0
2021-05-26,838453,128888,0
2021-05-27,699757,131986,0
2021-05-28,1241903,118183,0
2021-05-29,376986,109913,0
2021-05-30,397901,112787,0
2021-05-31,449642,134446,0
2021-06-01,477991,133411,0
2021-06-02,496973,130338,0
2021-06-03,475243,143437,0
2021-06-04,462566,121614,0
2021-06-05,561516,111995,0
2021-06-06,522044,116107,0
2021-06-07,535108,142219,0
2021-06-08,794991,116833,0
2021-06-09,463109,134508,0
2021-06-10,490804,119457,0
2021-06-11,738521,124143,0
2021-06-12,399793,106476,0
2021-06-13,306807,128236,0
2021-06-14,436799,134015,0
2021-06-15,475926,137093,0
2021-06-16,682326,129911,0
2021-06-17,600349,135441,0
2021-06-18,419644,126192,0
2021-06-19,285918,106094,0
2021-06-20,286313,106658,0
2021-06-21,469452,136949,0
2021-06-22,448301,139537,0
2021-06-23,428595,135508,0
2021-06-24,407288,132058,0
2021-06-25,382421,124476,0
2021-06-26,284692,106243,0
2021-06-27,290256,110150,0
2021-06-28,444004,131061,0
2021-06-29,509690,137301,0
2021-06-30,464832,138090,0
2021-07-01,499717,133234,0
2021-07-02,406592,129789,0
2021-07-03,288885,110497,0
2021-07-04,289310,110162,0
2021-07-05,449121,137018,0
2021-07-06,433646,141749,0
2021-07-07,438979,136299,0
2021-07-08,422324,131803,0
2021-07-09,393068,123082,0
2021-07-10,279950,109622,0
2021-07-11,301805,116944,0
2021-07-12,493659,142416,0
2021-07-13,775593,143052,0
2021-07-14,444695,151390,0
2021-07-15,442856,159409,0
2021-07-16,413820,161322,0
2021-07-17,305292,133926,0
2021-07-18,278431,105224,0
2021-07-19,452870,138202,0
2021-07-20,505974,126169,0
2021-07-21,472405,149938,0
2021-07-22,496772,166981,0
2021-07-23,451438,158561,0
2021-07-24,345336,140333,0
2021-07-25,283245,109746,0
2021-07-26,461957,143937,0
2021-07-27,482109,167109,0
2021-07-28,510581,190186,0
2021-07-29,431350,141150,0
2021-07-30,450864,155312,0
2021-07-31,342393,138231,0
2021-08-01,393430,147870,0
2021-08-02,508153,162767,0
2021-08-03,491405,154765,0
2021-08-04,943347,156804,0
2021-08-05,510997,150412,0
2021-08-06,437673,152508,0
2021-08-07,358411,147161,0
2021-08-08,351566,141664,0
2021-08-09,543972,179552,0
2021-08-10,507619,132446,0
2021-08-11,1320797,120833,0
2021-08-12,1314466,118354,0
2021-08-13,535520,174944,0
2021-08-14,450772,194297,0
2021-08-15,548434,239642,0
2021-08-16,724112,283730,0
2021-08-17,540039,198497,0
2021-08-18,431261,140853,0
2021-08-19,419686,139036,0
2021-08-20,394365,131199,0
2021-08-21,282282,107326,0
2021-08-22,280439,104101,0
2021-08-23,489342,142324,0
2021-08-24,430914,141755,0
2021-08-27,10116,2994,0
2021-08-28,281910,105949,0
2021-08-29,289003,108286,0
2021-08-30,472271,135989,0
2021-08-31,490218,136304,0
2021-09-01,491992,116223,0
2021-09-02,515301,102114,0
2021-09-03,406120,127783,0
2021-09-04,283526,106635,0
2021-09-05,306856,108718,0
2021-09-06,458176,143633,0
2021-09-07,414628,138183,0
2021-09-08,441013,134169,0
2021-09-09,444343,140767,0
2021-09-10,415255,128197,0
2021-09-11,277573,105347,0
2021-09-12,306208,114057,0
2021-09-13,484468,149558,0
2021-09-14,479978,153494,0
2021-09-15,487644,166844,0
2021-09-16,476894,158100,0
2021-09-17,437556,143105,0
2021-09-18,316611,120021,0
2021-09-19,311612,117799,0
2021-09-20,489414,144253,0
2021-09-21,1036330,133357,0
2021-09-22,632653,147958,0
2021-09-23,462055,153077,0
2021-09-24,415831,140440,0
2021-09-25,308218,115965,0
2021-09-26,314018,118660,0
2021-09-27,446240,136474,0
2021-09-28,376262,122559,0
2021-09-29,491695,152551,0
2021-09-30,460755,153173,0
2021-10-01,444522,137304,0
2021-10-02,320498,115773,0
2021-10-03,321083,117277,0
2021-10-04,475412,145681,0
2021-10-05,411128,130587,0
2021-10-06,65801,6784,0
2021-10-07,144038,47434,0
2021-10-08,152914,50775,0
2021-10-09,187496,66881,0
2021-10-10,188245,69411,0
2021-10-11,156944,47830,0
2021-10-12,188347,45969,0
2021-10-13,144826,45673,0
2021-10-14,153348,47977,0
2021-10-15,148804,48122,0
2021-10-16,187463,69942,0
2021-10-17,197801,74253,0
2021-10-18,144746,44612,0
2021-10-19,146997,48064,0
2021-10-20,154189,49130,0
2021-10-21,152167,48244,0
2021-10-22,36385,11844,0
2021-10-23,13738,4350,0
2021-10-24,20676,6976,0
2021-10-25,8072,2309,0
2021-10-29,72540,21095,0
2021-10-30,316659,112370,0
2021-10-31,317989,111125,0
2021-11-01,489827,135060,0
2021-11-02,445052,142714,0
2021-11-03,487410,138233,0
2021-11-04,461007,129850,0
2021-11-05,401835,127656,0
2021-11-06,307302,106132,0
2021-11-07,306010,110494,0
2021-11-08,480503,140429,0
2021-11-09,460848,145056,0
2021-11-10,467737,143036,0
2021-11-11,436875,140483,0
2021-11-12,414555,134736,0
2021-11-13,313805,110790,0
2021-11-14,324902,112438,0
2021-11-15,478863,145625,0
2021-11-16,496503,145215,0
2021-11-17,456150,144334,0
2021-11-18,464088,144153,0
2021-11-19,428948,134738,0
2021-11-20,308896,114166,0
2021-11-21,311477,116705,0
2021-11-22,486921,148909,0
2021-11-23,448560,145848,0
2021-11-24,447585,144526,0
2021-11-25,419132,138409,0
2021-11-26,383586,130693,0
2021-11-27,280861,107283,0
2021-11-28,318900,116963,0
2021-11-29,486750,147462,0
2021-11-30,482328,150976,0
2021-12-01,491870,153091,0
2021-12-02,466962,154040,0
2021-12-03,429467,142045,0
2021-12-04,318347,114951,0
2021-12-05,323028,117010,0
2021-12-06,484988,145097,0
2021-12-07,461612,146968,0
2021-12-08,470658,144820,0
2021-12-09,513388,136363,0
2021-12-10,476325,133025,0
2021-12-11,314079,113762,0
2021-12-12,311223,114563,0
2021-12-13,490413,136237,0
2021-12-14,506300,140948,0
2021-12-15,457091,141244,0
2021-12-16,451123,135470,0
2021-12-17,423513,128585,0
2021-12-18,309074,103621,0
2021-12-19,297250,108379,0
2021-12-20,605662,131938,0
2021-12-21,423082,133835,0
2021-12-22,396764,128976,0
2021-12-23,373314,122382,0
2021-12-24,299330,101635,0
2021-12-25,228346,84302,0
2021-12-26,257414,95869,0
2021-12-27,368416,117444,0
2021-12-28,364531,123731,0
2021-12-29,361251,121698,0
2021-12-30,338824,117791,0
2021-12-31,275819,93713,0
2022-01-01,261401,82907,0
2022-01-02,287560,105168,0
2022-01-03,452240,138867,0
2022-01-04,451280,146646,0
2022-01-05,471014,159683,0
2022-01-06,449570,143647,0
2022-01-07,460177,133713,0
2022-01-08,321098,114919,0
2022-01-09,322263,120115,0
2022-01-10,487933,146733,0
2022-01-11,463125,149797,0
2022-01-12,456280,143273,0
2022-01-13,831813,132777,0
2022-01-14,971024,129609,0
2022-01-15,590930,119199,0
2022-01-16,343835,122407,0
2022-01-17,507814,148093,0
2022-01-18,478879,153601,0
2022-01-19,493134,156768,0
2022-01-20,488418,154014,0
2022-01-21,509208,142097,0
2022-01-22,554748,120858,0
2022-01-23,352322,126557,0
2022-01-24,505708,152482,0
2022-01-25,486126,152358,0
2022-01-26,478344,151087,0
2022-01-27,496999,150230,0
2022-01-28,450684,141398,0
2022-01-29,337735,120999,0
2022-01-30,341300,120780,0
2022-01-31,492325,142347,0
2022-02-01,497937,143636,0
2022-02-02,507222,148199,0
2022-02-03,473243,149924,0
2022-02-04,442708,140466,0
2022-02-05,350670,118172,0
2022-02-06,369374,124313,0
2022-02-07,540347,149931,0
2022-02-08,508279,153293,0
2022-02-09,517284,147648,0
2022-02-10,889867,125353,0
2022-02-11,1086895,129599,0
2022-02-12,1165441,102673,0
2022-02-13,1367326,104872,0
2022-02-14,529505,138287,0
2022-02-15,507673,156302,0
2022-02-16,503344,158712,0
2022-02-17,541359,149148,0
2022-02-18,889396,119158,0
2022-02-19,676816,120583,0
2022-02-20,375363,134049,0
2022-02-21,521942,162349,0
2022-02-22,522189,167033,0
2022-02-23,498805,163882,0
2022-02-24,518148,152530,0
2022-02-25,464693,147824,0
2022-02-26,1026637,91463,0
2022-02-27,785068,117903,0
2022-02-28,531425,152286,0
2022-03-01,545326,153180,0
2022-03-02,795583,135133,0
2022-03-03,472525,146476,0
2022-03-04,461455,149273,0
2022-03-05,345204,125314,0
2022-03-06,352084,126361,0
2022-03-07,542288,149392,0
2022-03-08,499851,146208,0
2022-03-09,473641,153460,0
2022-03-10,468937,155090,0
2022-03-11,436263,144257,0
2022-03-12,362203,123697,0
2022-03-13,359939,128965,0
2022-03-14,501722,148937,0
2022-03-15,524844,149281,0
2022-03-16,485205,154240,0
2022-03-17,450842,144574,0
2022-03-18,442246,141679,0
2022-03-19,351235,126208,0
2022-03-20,355807,127178,0
2022-03-21,512490,148886,0
2022-03-22,468985,153963,0
2022-03-23,479706,156732,0
2022-03-24,504307,153822,0
2022-03-25,509292,145715,0
2022-03-26,806151,125918,0
2022-03-27,537801,126962,0
2022-03-28,567348,156973,0
2022-03-29,562805,153925,0
2022-03-30,554361,156224,0
2022-03-31,733659,145227,0
2022-04-01,542687,144460,0
2022-04-02,358370,124379,0
2022-04-03,350939,125754,0
2022-04-04,513519,149289,0
2022-04-05,486147,155421,0
2022-04-06,520012,155847,0
2022-04-07,486006,152737,0
2022-04-08,484818,147982,0
2022-04-09,697793,123740,0
2022-04-10,374299,128589,0
2022-04-11,518925,143981,0
2022-04-12,688780,134429,0
2022-04-13,472743,147852,0
2022-04-14,418171,130056,0
2022-04-15,416874,133298,0
2022-04-16,314723,118063,0
2022-04-17,328748,119312,0
2022-04-18,501801,154037,0
2022-04-19,508140,160435,0
2022-04-20,493071,154972,0
2022-04-21,476335,150446,0
2022-04-22,500353,141127,0
2022-04-23,373795,120011,0
2022-04-24,344800,123913,0
2022-04-25,526009,151865,0
2022-04-26,494462,154133,0
2022-04-27,508392,151049,0
2022-04-28,522608,145741,0
2022-04-29,1130490,124972,0
2022-04-30,312422,116643,0
2022-05-01,371008,115789,0
2022-05-02,505646,140874,0
2022-05-03,462933,142875,0
2022-05-04,445132,142934,0
2022-05-05,457198,142232,0
2022-05-06,409260,126105,0
2022-05-07,338390,123557,0
2022-05-08,329980,122403,0
2022-05-09,482607,144111,0
2022-05-10,470627,151792,0
2022-05-11,478301,151175,0
2022-05-12,462623,149938,0
2022-05-13,460576,142131,0
2022-05-14,339325,122274,0
2022-05-15,346331,126002,0
2022-05-16,521139,144798,0
2022-05-17,496392,154199,0
2022-05-18,490987,147459,0
2022-05-19,488350,139537,0
2022-05-20,524278,147855,0
2022-05-21,340580,124868,0
2022-05-22,344208,127600,0
2022-05-23,512638,151979,0
2022-05-24,481381,150451,0
2022-05-25,571823,142331,0
2022-05-26,494243,149462,0
2022-05-27,462526,146145,0
2022-05-28,339668,125366,0
2022-05-29,346153,128272,0
2022-05-30,516334,157607,0
2022-05-31,430573,137926,0
2022-06-01,1164040,112899,0
2022-06-02,628494,137086,0
2022-06-03,680927,139700,0
2022-06-04,343907,125017,0
2022-06-05,351179,127258,0
2022-06-06,525336,143974,0
2022-06-07,470858,143045,0
2022-06-08,463751,144991,0
2022-06-09,433024,137021,0
2022-06-10,501310,137289,0
2022-06-11,335288,121706,0
2022-06-12,336665,122112,0
2022-06-13,460106,135081,0
2022-06-14,457172,143287,0
2022-06-15,459137,142297,0
2022-06-16,429665,135826,0
2022-06-17,614638,139176,0
2022-06-18,375300,121613,0
2022-06-19,394258,122496,0
2022-06-20,512711,136840,0
2022-06-21,690856,136279,0
2022-06-22,700160,132036,0
2022-06-23,615200,135808,0
2022-06-24,468491,131413,0
2022-06-25,403153,119020,0
2022-06-26,336475,120675,0
2022-06-27,514514,130581,0
2022-06-28,453399,137250,0
2022-06-29,455436,135764,0
2022-06-30,454168,137225,0
2022-07-01,466472,129639,0
2022-07-02,331014,117555,0
2022-07-03,346426,123903,0
2022-07-04,501951,140007,0
2022-07-05,453565,142118,0
2022-07-06,619985,132968,0
2022-07-07,580740,116384,0
2022-07-08,465739,127673,0
2022-07-09,334528,111592,0
2022-07-10,334254,112025,0
2022-07-11,456409,129917,0
2022-07-12,439454,135487,0
2022-07-13,445046,133845,0
2022-07-14,455363,132368,0
2022-07-15,504694,132450,0
2022-07-16,369811,121244,0
2022-07-17,356516,121891,0
2022-07-18,586182,135005,0
2022-07-19,478662,146385,0
2022-07-20,826636,137341,0
2022-07-21,831190,154366,0
2022-07-22,814312,142969,0
2022-07-23,369978,122435,0
2022-07-24,368509,123212,0
2022-07-25,571873,158009,0
2022-07-26,550930,163985,0
2022-07-27,554191,164651,0
2022-07-28,537463,156690,0
2022-07-29,555488,142468,0
2022-07-30,384972,115065,0
2022-07-31,392799,119268,0
2022-08-01,618904,149360,0
2022-08-02,573962,156666,0
2022-08-03,551378,155090,0
2022-08-04,525556,154761,0
2022-08-05,506822,144629,0
2022-08-06,352879,121659,0
2022-08-07,340699,120541,0
2022-08-08,526305,153693,0
2022-08-09,532794,163242,0
2022-08-10,568178,157578,0
2022-08-11,496330,150577,0
2022-08-12,443127,139318,0
2022-08-13,318884,115483,0
2022-08-14,322958,117155,0
2022-08-15,533677,148185,0
2022-08-16,524151,167964,0
2022-08-17,520667,168651,0
2022-08-18,518997,163328,0
2022-08-19,487207,151689,0
2022-08-20,348848,128391,0
2022-08-21,356912,130977,0
2022-08-22,574544,167315,0
2022-08-23,580285,178418,0
2022-08-24,565876,178039,0
2022-08-25,543878,175217,0
2022-08-26,501284,155507,0
2022-08-27,373475,126100,0
2022-08-28,340782,124099,0
2022-08-29,595478,168673,0
2022-08-30,598542,172557,0
2022-08-31,654445,175571,0
2022-09-01,559616,167735,0
2022-09-02,489311,157998,0
2022-09-03,349671,127818,0
2022-09-04,359144,126984,0
2022-09-05,588057,171464,0
2022-09-06,559158,178637,0
2022-09-07,547069,174973,0
2022-09-08,829873,177445,0
2022-09-09,574172,170029,0
2022-09-10,399877,141073,0
2022-09-11,394578,140519,0
2022-09-12,588328,172271,0
2022-09-13,595526,180328,0
2022-09-14,567606,175114,0
2022-09-15,581248,173882,0
2022-09-16,552088,162512,0
2022-09-17,391022,136760,0
2022-09-18,415603,142852,0
2022-09-19,622979,184254,0
2022-09-20,594634,192386,0
2022-09-21,653829,203171,0
2022-09-22,652476,208469,0
2022-09-23,605218,193610,0
2022-09-24,454129,171386,0
2022-09-25,455509,167822,0
2022-09-26,671111,197833,0
2022-09-27,646541,211011,0
2022-09-28,662271,218372,0
2022-09-29,729883,240466,0
2022-09-30,741356,209088,0
2022-10-01,576317,197226,0
2022-10-02,600887,234017,0
2022-10-03,805661,263729,0
2022-10-04,769649,270845,0
2022-10-05,916105,290089,0
2022-10-06,1084354,285272,0
2022-10-07,860775,331773,0
2022-10-08,776127,326905,0
2022-10-09,778973,326020,0
2022-10-10,924453,333532,0
2022-10-11,865691,316997,0
2022-10-12,917374,301776,0
2022-10-13,828084,304038,0
2022-10-14,747021,263194,0
2022-10-15,612722,239724,0
2022-10-16,653213,259993,0
2022-10-17,900368,299673,0
2022-10-18,837859,298766,0
2022-10-19,846816,274439,0
2022-10-20,841940,249084,0
2022-10-21,716878,241322,0
2022-10-22,594595,236005,0
2022-10-23,611209,240281,0
2022-10-24,753097,229614,0
2022-10-25,750953,246932,0
2022-10-26,697145,228048,0
2022-10-27,645805,207971,0
2022-10-28,540680,162367,0
2022-10-29,546869,137534,0
2022-10-30,605761,149791,0
2022-10-31,646974,183513,0
2022-11-01,605466,161856,0
2022-11-02,557134,166902,0
2022-11-03,545160,174132,0
2022-11-04,502606,160607,0
2022-11-05,387248,137187,0
2022-11-06,417881,144623,0
2022-11-07,587588,171242,0
2022-11-08,687688,173066,0
2022-11-09,610705,167958,0
2022-11-10,692090,171624,0
2022-11-11,576880,165460,0
2022-11-12,494717,135031,0
2022-11-13,476144,132149,0
2022-11-14,650538,170441,0
2022-11-15,569148,171084,0
2022-11-16,648490,163799,0
2022-11-17,598169,169305,0
2022-11-18,726453,149044,0
2022-11-19,635977,132733,0
2022-11-20,395805,131032,0
2022-11-21,613077,171616,0
2022-11-22,654430,134541,0
2022-11-23,831127,161201,0
2022-11-24,548935,163882,0
2022-11-25,457234,148737,0
2022-11-26,373956,134426,0
2022-11-27,394412,140268,0
2022-11-28,601566,172099,0
2022-11-29,572723,179218,0
2022-11-30,573078,183256,0
2022-12-01,587942,173383,0
2022-12-02,514700,143298,0
2022-12-03,648339,139455,0
2022-12-04,989696,136516,0
2022-12-05,1025140,154541,0
2022-12-06,1126966,154299,0
2022-12-07,1132303,151703,0
2022-12-08,926056,151848,0
2022-12-09,886723,147214,0
2022-12-10,1246808,129043,0
2022-12-11,1297084,131001,0
2022-12-12,1011028,151015,0
2022-12-13,853984,158748,0
2022-12-14,810902,158462,0
2022-12-15,543603,164230,0
2022-12-16,448511,116627,0
2022-12-17,372320,127937,0
2022-12-18,347192,122561,0
2022-12-19,536830,147998,0
2022-12-20,470030,145867,0
2022-12-21,495419,153000,0
2022-12-22,621522,148645,0
2022-12-23,443148,140891,0
2022-12-24,318008,115503,0
2022-12-25,285884,100429,0
2022-12-26,459132,131171,0
2022-12-27,439642,143653,0
2022-12-28,446975,142141,0
2022-12-29,435030,139847,0
2022-12-30,493424,127906,0
2022-12-31,357695,99303,0
2023-01-01,618000,88340,0
2023-01-02,497080,137626,0
2023-01-03,545901,152378,0
2023-01-04,759783,148143,0
2023-01-05,820926,139286,0
2023-01-06,744633,136783,0
2023-01-07,751178,122030,0
2023-01-08,420728,126850,0
2023-01-09,616886,146082,0
2023-01-10,533643,156566,0
2023-01-11,623182,153302,0
2023-01-12,537880,160431,0
2023-01-13,519742,154429,0
2023-01-14,398781,127793,0
2023-01-15,384234,130012,0
2023-01-16,573143,152704,0
2023-01-17,545451,168590,0
2023-01-18,593786,160171,0
2023-01-19,673534,158872,0
2023-01-20,520468,153230,0
2023-01-21,369251,128814,0
2023-01-22,365296,128668,0
2023-01-23,549327,151534,0
2023-01-24,644351,164213,0
2023-01-25,552464,164154,0
2023-01-26,549538,153314,0
2023-01-27,547237,159018,0
2023-01-28,383738,135699,0
2023-01-29,399766,138470,0
2023-01-30,610860,173706,0
2023-01-31,588849,177138,0
2023-02-01,673813,169605,0
2023-02-02,635582,170853,0
2023-02-03,576152,170490,0
2023-02-04,453547,141992,0
2023-02-05,395417,134947,0
2023-02-06,580728,163221,0
2023-02-07,623666,195941,0
2023-02-08,624062,191640,0
2023-02-09,592366,183936,0
2023-02-10,546410,170990,0
2023-02-11,421700,139015,0
2023-02-12,419037,138605,0
2023-02-13,612030,174262,0
2023-02-14,572525,172095,0
2023-02-15,588989,178592,0
2023-02-16,602910,183797,0
2023-02-17,542448,173363,0
2023-02-18,388870,137261,0
2023-02-19,410108,149504,0
2023-02-20,611103,175478,0
2023-02-21,577923,182494,0
2023-02-22,581864,182050,0
2023-02-23,585759,180583,0
2023-02-24,567437,171308,0
2023-02-25,457454,149619,0
2023-02-26,387035,135313,0
2023-02-27,519496,143914,0
2023-02-28,614946,188370,0
2023-03-01,640974,183119,0
2023-03-02,619545,186850,0
2023-03-03,565534,157054,0
2023-03-04,461593,140447,0
2023-03-05,437296,144004,0
2023-03-06,606577,170580,0
2023-03-07,627472,188060,0
2023-03-08,556404,172985,0
2023-03-09,684412,172150,0
2023-03-10,509040,162527,0
2023-03-11,489758,147839,0
2023-03-12,399893,140602,0
2023-03-13,600430,174768,0
2023-03-14,602931,185216,0
2023-03-15,589934,171079,0
2023-03-16,573936,171387,0
2023-03-17,486350,154290,0
2023-03-18,403275,139546,0
2023-03-19,397106,140631,0
2023-03-20,565067,164087,0
2023-03-21,532292,166422,0
2023-03-22,512933,159866,0
2023-03-23,530904,159828,0
2023-03-24,535218,155742,0
2023-03-25,429926,147186,0
2023-03-26,410501,145613,0
2023-03-27,521239,154646,0
2023-03-28,543326,171412,0
2023-03-29,546985,171477,0
2023-03-30,519826,162820,0
2023-03-31,519138,162890,0
2023-04-01,420050,136181,0
2023-04-02,407263,143643,0
2023-04-03,533134,158662,0
2023-04-04,552705,171154,0
2023-04-05,540171,173762,0
2023-04-06,511380,164176,0
2023-04-07,477388,153220,0
2023-04-08,377439,131996,0
2023-04-09,377610,132335,0
2023-04-10,546320,162875,0
2023-04-11,473730,148343,0
2023-04-12,660637,167997,0
2023-04-13,524079,163492,0
2023-04-14,524843,162608,0
2023-04-15,393872,136197,0
2023-04-16,390733,134482,0
2023-04-17,553734,161683,0
2023-04-18,543410,171677,0
2023-04-19,562437,173477,0
2023-04-20,571899,164896,0
2023-04-21,590797,150798,0
2023-04-22,393455,127464,0
2023-04-23,393048,130972,0
2023-04-24,542992,157734,0
2023-04-25,541316,168556,0
2023-04-26,534226,169198,0
2023-04-27,517612,164991,0
2023-04-28,497688,159263,0
2023-04-29,390568,135829,0
2023-04-30,386753,130390,0
2023-05-01,586419,147712,0
2023-05-02,518120,160597,0
2023-05-03,526273,164687,0
2023-05-04,523444,162327,0
2023-05-05,505268,155697,0
2023-05-06,451223,132376,0
2023-05-07,474359,131521,0
2023-05-08,572821,159981,0
2023-05-09,540454,160403,0
2023-05-10,521994,160764,0
2023-05-11,522025,165585,0
2023-05-12,496793,156130,0
2023-05-13,380295,132460,0
2023-05-14,362708,128941,0
2023-05-15,547130,167244,0
2023-05-16,544237,171524,0
2023-05-17,525917,167505,0
2023-05-18,518367,167491,0
2023-05-19,485660,154580,0
2023-05-20,380921,135984,0
2023-05-21,383976,136903,0
2023-05-22,577917,165904,0
2023-05-23,547397,166343,0
2023-05-24,537079,168159,0
2023-05-25,521748,161720,0
2023-05-26,520639,165169,0
2023-05-27,387098,136988,0
2023-05-28,387151,136738,0
2023-05-29,564659,174027,0
2023-05-30,535246,165835,0
2023-05-31,544128,167774,0
2023-06-01,555022,157581,0
2023-06-02,502991,155131,0
2023-06-03,383392,135118,0
2023-06-04,389531,139301,0
2023-06-05,544481,160075,0
2023-06-06,523249,160700,0
2023-06-07,524845,170403,0
2023-06-08,506412,161273,0
2023-06-09,513197,166309,0
2023-06-10,413347,138443,0
2023-06-11,389451,139180,0
2023-06-12,558472,167800,0
2023-06-13,554293,181777,0
2023-06-14,586044,187766,0
2023-06-15,528111,175355,0
2023-06-16,490855,158720,0
2023-06-17,382459,139121,0
2023-06-18,395808,145352,0
2023-06-19,537703,167456,0
2023-06-20,562807,182933,0
2023-06-21,594596,186390,0
2023-06-22,541400,176417,0
2023-06-23,547172,181093,0
2023-06-24,417278,149203,0
2023-06-25,427978,157126,0
2023-06-26,577912,185606,0
2023-06-27,581938,194175,0
2023-06-28,549155,182612,0
2023-06-29,498960,165670,0
2023-06-30,518086,173542,0
2023-07-01,414629,143347,0
2023-07-02,355158,133737,0
2023-07-03,562405,166524,0
2023-07-04,526692,172653,0
2023-07-05,562040,183649,0
2023-07-06,578019,183144,0
2023-07-07,548034,184978,0
2023-07-08,459120,180230,0
2023-07-09,404821,141693,0
2023-07-10,565029,162344,0
2023-07-11,608700,168014,0
2023-07-12,601714,169878,0
2023-07-13,591375,166685,0
2023-07-14,555175,157990,0
2023-07-15,404871,130823,0
2023-07-16,373277,132105,0
2023-07-17,545174,160894,0
2023-07-18,524430,158972,0
2023-07-19,522184,157296,0
2023-07-20,559784,169374,0
2023-07-21,488864,157235,0
2023-07-22,393706,135584,0
2023-07-23,381295,132743,0
2023-07-24,542539,166638,0
2023-07-25,512881,157919,0
2023-07-26,516075,164964,0
2023-07-27,509804,162691,0
2023-07-28,495078,156611,0
2023-07-29,362667,127998,0
2023-07-30,359196,129140,0
2023-07-31,538792,161607,0
2023-08-01,549368,165546,0
2023-08-02,512868,164670,0
2023-08-03,527112,160446,0
2023-08-04,475603,153422,0
2023-08-05,373205,133808,0
2023-08-06,357961,127626,0
2023-08-07,538119,159787,0
2023-08-08,532285,166073,0
2023-08-09,511893,159272,0
2023-08-10,506458,159212,0
2023-08-11,485628,150989,0
2023-08-12,363664,127148,0
2023-08-13,359204,125344,0
2023-08-14,527341,154389,0
2023-08-15,497578,155351,0
2023-08-16,516876,166646,0
2023-08-17,523303,168239,0
2023-08-18,488527,154729,0
2023-08-19,364944,130470,0
2023-08-20,361620,128271,0
2023-08-21,559042,161930,0
2023-08-22,546084,175443,0
2023-08-23,526160,167310,0
2023-08-24,555580,177856,0
2023-08-25,528640,168968,0
2023-08-26,380975,138500,0
2023-08-27,377870,134971,0
2023-08-28,558436,165961,0
2023-08-29,547564,175839,0
2023-08-30,554976,176330,0
2023-08-31,517901,165607,0
2023-09-01,542788,163487,0
2023-09-02,364981,129206,0
2023-09-03,364372,131307,0
2023-09-04,594181,169977,0
2023-09-05,560087,175349,0
2023-09-06,554505,180475,0
2023-09-07,557172,183233,0
2023-09-08,545095,180602,0
2023-09-09,401442,145656,0
2023-09-10,400100,140358,0
2023-09-11,614341,184851,0
2023-09-12,599536,191523,0
2023-09-13,591379,193961,0
2023-09-14,581083,187494,0
2023-09-15,547409,176176,0
2023-09-16,402778,140868,0
2023-09-17,386713,137972,0
2023-09-18,602826,174472,0
2023-09-19,587864,191866,0
2023-09-20,589694,193109,0
2023-09-21,593381,194213,0
2023-09-22,557729,175479,0
2023-09-23,416374,141679,0
2023-09-24,417704,148706,0
2023-09-25,615254,183704,0
2023-09-26,601693,192094,0
2023-09-27,563985,183866,0
2023-09-28,542190,177036,0
2023-09-29,543024,173563,0
2023-09-30,408575,147806,0
2023-10-01,490997,142400,0
2023-10-02,608264,175759,0
2023-10-03,625015,184491,0
2023-10-04,615887,192288,0
2023-10-05,587757,187270,0
2023-10-06,556673,178061,0
2023-10-07,441444,148380,0
2023-10-08,430727,148193,0
2023-10-09,602278,179235,0
2023-10-10,593754,185245,0
2023-10-11,620571,183679,0
2023-10-12,571691,180486,0
2023-10-13,542587,168444,0
2023-10-14,408290,143910,0
2023-10-15,405566,143076,0
2023-10-16,613755,177375,0
2023-10-17,607406,189340,0
2023-10-18,621742,186217,0
2023-10-19,602045,177468,0
2023-10-20,539238,166420,0
2023-10-21,399688,138120,0
2023-10-22,403787,141815,0
2023-10-23,596126,167858,0
2023-10-24,583142,175712,0
2023-10-25,608295,181395,0
2023-10-26,610463,189773,0
2023-10-27,562850,173704,0
2023-10-28,413078,142085,0
2023-10-29,399450,139069,0
2023-10-30,630040,185392,0
2023-10-31,590506,185461,0
2023-11-01,604510,179677,0
2023-11-02,566471,178666,0
2023-11-03,535073,172897,0
2023-11-04,410871,143444,0
2023-11-05,406291,142959,0
2023-11-06,613805,180164,0
2023-11-07,596521,185597,0
2023-11-08,558626,173157,0
2023-11-09,572687,176203,0
2023-11-10,547882,167953,0
2023-11-11,393129,129021,0
2023-11-12,383334,125723,0
2023-11-13,587672,168050,0
2023-11-14,545680,167799,0
2023-11-15,578601,175502,0
2023-11-16,567988,177838,0
2023-11-17,528331,166143,0
2023-11-18,390404,136361,0
2023-11-19,378567,132127,0
2023-11-20,588452,168657,0
2023-11-21,578210,179163,0
2023-11-22,549123,173252,0
2023-11-23,528619,171285,0
2023-11-24,490318,161385,0
2023-11-25,380893,133943,0
2023-11-26,374651,133693,0
2023-11-27,523663,157209,0
2023-11-28,585873,169803,0
2023-11-29,566537,170544,0
2023-11-30,483163,146738,0
2023-12-01,496978,141775,0
2023-12-02,343639,118158,0
2023-12-03,255887,87976,0
2023-12-04,415080,112920,0
2023-12-05,574506,176210,0
2023-12-06,474100,145003,0
2023-12-07,401980,124741,0
2023-12-08,386438,121145,0
2023-12-09,383707,135960,0
2023-12-10,391650,137935,0
2023-12-11,563509,160329,0
2023-12-12,558169,176724,0
2023-12-13,565980,177099,0
2023-12-14,576104,169886,0
2023-12-15,497547,153906,0
2023-12-16,367110,128423,0
2023-12-17,375760,130851,0
2023-12-18,578731,164670,0
2023-12-19,549576,167198,0
2023-12-20,523891,162353,0
2023-12-21,498592,157636,0
2023-12-22,434544,139691,0
2023-12-23,324836,117232,0
2023-12-24,300203,109174,0
2023-12-25,375943,112922,0
2023-12-26,394791,139467,0
2023-12-27,427432,142898,0
2023-12-28,421990,141533,0
2023-12-29,380877,127809,0
2023-12-30,328142,113821,0
2023-12-31,299654,97961,0
2024-01-01,397001,105779,0
2024-01-02,474220,154213,0
2024-01-03,493544,160046,0
2024-01-04,512381,163662,0
2024-01-05,487207,152373,0
2024-01-06,373050,134267,0
2024-01-07,367053,133201,0
2024-01-08,565273,169215,0
2024-01-09,560145,175448,0
2024-01-10,581434,176608,0
2024-01-11,586580,176129,0
2024-01-12,503254,160462,0
2024-01-13,374372,135864,0
2024-01-14,370377,133515,0
2024-01-15,553099,163026,0
2024-01-16,545431,172504,0
2024-01-17,546757,173459,0
2024-01-18,557544,179004,0
2024-01-19,532702,165594,0
2024-01-20,403608,141298,0
2024-01-21,401127,142124,0
2024-01-22,590202,172158,0
2024-01-23,575085,181977,0
2024-01-24,547223,175847,0
2024-01-25,553233,172761,0
2024-01-26,509965,160008,0
2024-01-27,411395,141552,0
2024-01-28,419004,143215,0
2024-01-29,593391,176293,0
2024-01-30,576268,185125,0
2024-01-31,594973,188368,0
2024-02-01,594400,172310,0
2024-02-02,552372,165620,0
2024-02-03,425660,143481,0
2024-02-04,409685,147452,0
2024-02-05,601888,176889,0
2024-02-06,590759,188671,0
2024-02-07,584609,187069,0
2024-02-08,517128,166165,0
2024-02-09,510340,163105,0
2024-02-10,381122,135870,0
2024-02-11,393195,136934,0
2024-02-12,557531,165685,0
2024-02-13,563654,185228,0
2024-02-14,562385,179259,0
2024-02-15,587523,181234,0
2024-02-16,649522,171164,0
2024-02-17,520431,149714,0
2024-02-18,506142,149007,0
2024-02-19,721385,185908,0
2024-02-20,700753,187046,0
2024-02-21,720024,188063,0
2024-02-22,708065,184835,0
2024-02-23,648642,165799,0
2024-02-24,492252,142836,0
2024-02-25,558432,163228,0
2024-02-26,701646,177212,0
2024-02-27,740411,200606,0
2024-02-28,748882,201462,0
2024-02-29,740554,197223,0
2024-03-01,718548,184100,0
2024-03-02,558400,162550,0
2024-03-03,535343,159978,0
2024-03-04,776059,193827,0
2024-03-05,748491,199495,0
2024-03-06,763498,200775,0
2024-03-07,749092,193701,0
2024-03-08,697248,178130,0
2024-03-09,519968,151653,0
2024-03-10,528332,154920,0
2024-03-11,764258,191967,0
2024-03-12,776666,210674,0
2024-03-13,736666,191833,0
2024-03-14,715699,188149,0
2024-03-15,724446,185147,0
2024-03-16,553468,150784,0
2024-03-17,539042,154466,0
2024-03-18,798293,194379,0
2024-03-19,796886,204760,0
2024-03-20,773926,195291,0
2024-03-21,750484,194971,0
2024-03-22,711956,180574,0
2024-03-23,552501,151433,0
2024-03-24,534300,151135,0
2024-03-25,752719,179887,0
2024-03-26,758298,192252,0
2024-03-27,732839,189789,0
2024-03-28,704960,180199,0
2024-03-29,618556,158122,0
2024-03-30,517090,143066,0
2024-03-31,498391,142876,0
2024-04-01,738479,168620,0
2024-04-02,723554,186029,0
2024-04-03,744608,184604,0
2024-04-04,756149,184823,0
2024-04-05,702861,170757,0
2024-04-06,534508,146210,0
2024-04-07,541170,149424,0
2024-04-08,748915,174714,0
2024-04-09,730516,177736,0
2024-04-10,700635,168571,0
2024-04-11,722481,169192,0
2024-04-12,686769,164039,0
2024-04-13,518443,136355,0
2024-04-14,542366,139553,0
2024-04-15,773081,176930,0
2024-04-16,763152,190890,0
2024-04-17,770773,184259,0
2024-04-18,912013,178610,0
2024-04-19,869773,170810,0
2024-04-20,609024,146984,0
2024-04-21,564382,147455,0
2024-04-22,814514,174988,0
2024-04-23,911945,183236,0
2024-04-24,885458,188629,0
2024-04-25,772449,183015,0
2024-04-26,755417,169995,0
2024-04-27,552713,143430,0
2024-04-28,526916,145248,0
2024-04-29,779399,172356,0
2024-04-30,730742,181286,0
2024-05-01,709741,162019,0
2024-05-02,776244,174581,0
2024-05-03,672857,163683,0
2024-05-04,499402,138899,0
2024-05-05,603765,139697,0
2024-05-06,789209,176124,0
2024-05-07,776035,187022,0
2024-05-08,891926,179684,0
2024-05-09,717434,179199,0
2024-05-10,717418,168863,0
2024-05-11,496989,143705,0
2024-05-12,579860,140058,0
2024-05-13,793905,178807,0
2024-05-14,761985,187824,0
2024-05-15,780407,185287,0
2024-05-16,783792,183582,0
2024-05-17,686534,176695,0
2024-05-18,556138,146739,0
2024-05-19,544843,148795,0
2024-05-20,898465,184105,0
2024-05-21,892871,188868,0
2024-05-22,826427,188538,0
2024-05-23,847979,183266,0
2024-05-24,628614,154600,0
2024-05-25,499831,145840,0
2024-05-26,528122,146195,0
2024-05-27,778430,183874,0
2024-05-28,685984,180193,0
2024-05-29,758165,185523,0
2024-05-30,743686,184525,0
2024-05-31,764741,173173,0
2024-06-01,626113,143757,0
2024-06-02,557503,148254,0
2024-06-03,769035,175481,0
2024-06-04,848488,186872,0
2024-06-05,864303,194692,0
2024-06-06,758917,182819,0
2024-06-07,687877,172726,0
2024-06-08,546798,146556,0
2024-06-09,499526,145832,0
2024-06-10,756498,179151,0
2024-06-11,622438,192375,0
2024-06-12,623083,186551,0
2024-06-13,601074,183774,0
2024-06-14,562306,169643,0
2024-06-15,429164,142122,0
2024-06-16,437829,132920,0
2024-06-17,633132,159016,0
2024-06-18,646155,176845,0
2024-06-19,612056,183680,0
2024-06-20,600769,182028,0
2024-06-21,570931,169497,0
2024-06-22,441598,143025,0
2024-06-23,479773,147010,0
2024-06-24,664039,182350,0
2024-06-25,619050,189668,0
2024-06-26,626055,185717,0
2024-06-27,606274,180717,0
2024-06-28,556224,167517,0
2024-06-29,435761,138278,0
2024-06-30,435045,139976,0
2024-07-01,667513,173947,0
2024-07-02,630979,186545,0
2024-07-03,625184,184772,0
2024-07-04,568350,178955,0
2024-07-05,526688,166538,0
2024-07-06,409960,138460,0
2024-07-07,406847,138905,0
2024-07-08,626905,177592,0
2024-07-09,616019,187709,0
2024-07-10,629075,183207,0
2024-07-11,587416,182144,0
2024-07-12,540233,168711,0
2024-07-13,413504,142318,0
2024-07-14,414732,144927,0
2024-07-15,621656,178483,0
2024-07-16,601284,184271,0
2024-07-17,589396,184434,0
2024-07-18,568568,179942,0
2024-07-19,530826,165776,0
2024-07-20,413165,142503,0
2024-07-21,401919,136344,0
2024-07-22,614490,169339,0
2024-07-23,587029,176905,0
2024-07-24,596192,182043,0
2024-07-25,607309,182011,0
2024-07-26,545173,167511,0
2024-07-27,422632,139642,0
2024-07-28,422656,143375,0
2024-07-29,624685,181054,0
2024-07-30,603676,189407,0
2024-07-31,588272,183346,0
2024-08-01,598847,171703,0
2024-08-02,554046,169323,0
2024-08-03,416119,142984,0
2024-08-04,399666,139447,0
2024-08-05,614976,175220,0
2024-08-06,606730,183870,0
2024-08-07,598998,183650,0
2024-08-08,597440,185518,0
2024-08-09,544512,170060,0
2024-08-10,414557,143478,0
2024-08-11,417377,146854,0
2024-08-12,614365,179273,0
2024-08-13,577201,181510,0
2024-08-14,561910,172154,0
2024-08-15,547902,170698,0
2024-08-16,545339,168447,0
2024-08-17,424334,140488,0
2024-08-18,411583,138754,0
2024-08-19,614079,174332,0
2024-08-20,585839,183653,0
2024-08-21,594262,188670,0
2024-08-22,587560,185436,0
2024-08-23,559236,176914,0
2024-08-24,424842,148525,0
2024-08-25,420066,149932,0
2024-08-26,644104,182804,0
2024-08-27,591399,190644,0
2024-08-28,627804,196797,0
2024-08-29,596113,187549,0
2024-08-30,576626,180619,0
2024-08-31,456496,156953,0
2024-09-01,464732,148886,0
2024-09-02,663724,189749,0
2024-09-03,635304,202524,0
2024-09-04,646000,204791,0
2024-09-05,642962,197015,0
2024-09-06,618571,183155,0
2024-09-07,437057,150113,0
2024-09-08,444906,152816,0
2024-09-09,669136,196618,0
2024-09-10,617570,194163,0
2024-09-11,634432,196491,0
2024-09-12,670024,204457,0
2024-09-13,590125,186905,0
2024-09-14,459588,159666,0
2024-09-15,444285,155438,0
2024-09-16,670947,192137,0
2024-09-17,640462,197031,0
2024-09-18,671667,207081,0
2024-09-19,639416,206161,0
2024-09-20,603169,192372,0
2024-09-21,479069,164323,0
2024-09-22,470322,164861,0
2024-09-23,697785,204582,0
2024-09-24,679590,214781,0
2024-09-25,664029,213516,0
2024-09-26,655307,210205,0
2024-09-27,621472,195665,0
2024-09-28,464881,163146,0
2024-09-29,462078,158103,0
2024-09-30,680793,204924,0
2024-10-01,682834,202609,0
2024-10-02,613082,197664,0
2024-10-03,621249,195083,0
2024-10-04,594044,189313,0
2024-10-05,469895,159048,0
2024-10-06,449884,156725,0
2024-10-07,678697,195283,0
2024-10-08,656661,205095,0
2024-10-09,631232,197188,0
2024-10-10,620751,191693,0
2024-10-11,652228,172242,0
2024-10-12,430783,142786,0
2024-10-13,446210,149844,0
2024-10-14,660292,191652,0
2024-10-15,639051,197077,0
2024-10-16,657519,202364,0
2024-10-17,637427,202778,0
2024-10-18,603201,191525,0
2024-10-19,475292,160973,0
2024-10-20,470853,161615,0
2024-10-21,682417,198708,0
2024-10-22,658231,205214,0
2024-10-23,661171,205350,0
2024-10-24,654719,202042,0
2024-10-25,614028,186623,0
2024-10-26,444128,150133,0
2024-10-27,447549,150964,0
2024-10-28,700686,185884,0
2024-10-29,691150,197157,0
2024-10-30,669727,207668,0
2024-10-31,632851,184736,0
2024-11-01,640249,185045,0
2024-11-02,418256,139741,0
2024-11-03,425820,142446,0
2024-11-04,639885,184349,0
2024-11-05,632792,200423,0
2024-11-06,598541,190004,0
2024-11-07,590596,188508,0
2024-11-08,588126,181781,0
2024-11-09,455238,157302,0
2024-11-10,467773,163699,0
2024-11-11,620800,184162,0
2024-11-12,631134,198529,0
2024-11-13,609440,191008,0
2024-11-14,588138,184151,0
2024-11-15,579685,173125,0
2024-11-16,441287,150719,0
2024-11-17,450558,152661,0
2024-11-18,631594,184977,0
2024-11-19,619967,186188,0
2024-11-20,599596,184568,0
2024-11-21,591775,185873,0
2024-11-22,555046,176010,0
2024-11-23,441785,150754,0
2024-11-24,438032,150147,0
2024-11-25,631316,181692,0
2024-11-26,606120,185926,0
2024-11-27,575108,181626,0
2024-11-28,582481,188375,0
2024-11-29,544727,181159,0
2024-11-30,444680,155250,0
2024-12-01,512113,166788,0
2024-12-02,656152,191836,0
2024-12-03,670073,205110,0
2024-12-04,656161,199866,0
2024-12-05,607038,187478,0
2024-12-06,593102,178014,0
2024-12-07,471515,159257,0
2024-12-08,484727,161801,0
2024-12-09,673228,187168,0
2024-12-10,636631,194887,0
2024-12-11,618265,189562,0
2024-12-12,501663,154957,0
2024-12-13,535643,165973,0
2024-12-14,435164,148065,0
2024-12-15,440396,147777,0
2024-12-16,612356,171518,0
2024-12-17,586174,179491,0
2024-12-18,586570,176616,0
2024-12-19,591037,178811,0
2024-12-20,555999,165247,0
2024-12-21,399334,135620,0
2024-12-22,412297,140151,0
2024-12-23,559408,161516,0
2024-12-24,473036,156007,0
2024-12-25,388243,132526,0
2024-12-26,453913,155237,0
2024-12-27,454585,150145,0
2024-12-28,393512,136188,0
2024-12-29,389431,132969,0
2024-12-30,495438,152597,0
2024-12-31,412348,131110,0
